NOME;DATA_NASCIMENTO;DATA_FALECIMENTO;LINK
DIRCELI MARTINS DE MEDEIROS;24/04/1949;29/07/2026;https://obituario.grupoangelus.com.br/c/109202
CLARA BEFFA SANTANA GASPOROTO;23/07/2026;29/07/2026;https://obituario.grupoangelus.com.br/c/109201
MARIA GARCIA BORGES;28/11/1933;29/07/2026;https://obituario.grupoangelus.com.br/c/109192
MILITAO BALBINO DA CRUZ;23/06/1943;29/07/2026;https://obituario.grupoangelus.com.br/c/109182
ISABEL TAIT FODI;28/05/1941;29/07/2026;https://obituario.grupoangelus.com.br/c/109175
CECILIA G. CORREIA BORGES;08/01/1931;29/07/2026;https://obituario.grupoangelus.com.br/c/109174
LEONARDO NOGUEIRA BARRADAS;14/11/1937;29/07/2026;https://obituario.grupoangelus.com.br/c/109173
DORITA WOLFF BANZATTO;28/06/1946;28/07/2026;https://obituario.grupoangelus.com.br/c/109168
MARIA DO CARMO TEIXEIRA;09/06/1930;29/07/2026;https://obituario.grupoangelus.com.br/c/109167
FRANCISCA AUGUSTA AMARAL;10/02/1956;29/07/2025;https://obituario.grupoangelus.com.br/c/109156
MAYKON DOUGLAS DA SILVA;15/01/2007;29/07/2026;https://obituario.grupoangelus.com.br/c/109147
ANA CLAUDIA PEREIRA DOS SANTOS;13/12/1974;29/07/2026;https://obituario.grupoangelus.com.br/c/109144
DIRCELI MARTINS DE MEDEIROS;24/04/1949;29/07/2026;https://obituario.grupoangelus.com.br/c/109202
CLARA BEFFA SANTANA GASPOROTO;23/07/2026;29/07/2026;https://obituario.grupoangelus.com.br/c/109201
MARIA GARCIA BORGES;28/11/1933;29/07/2026;https://obituario.grupoangelus.com.br/c/109192
MILITAO BALBINO DA CRUZ;23/06/1943;29/07/2026;https://obituario.grupoangelus.com.br/c/109182
ISABEL TAIT FODI;28/05/1941;29/07/2026;https://obituario.grupoangelus.com.br/c/109175
CECILIA G. CORREIA BORGES;08/01/1931;29/07/2026;https://obituario.grupoangelus.com.br/c/109174
JOAQUIM BEPPU;03/12/1950;28/07/2026;https://obituario.grupoangelus.com.br/c/109143
MARIA APARECIDA GALLO GERALDO;08/09/1937;29/07/2026;https://obituario.grupoangelus.com.br/c/109142
VILMA TEREZINHA RODRIGUES CORDEIRO GIACOMELLI;04/07/1954;28/07/2026;https://obituario.grupoangelus.com.br/c/109141
AMELIA MARIA DE JESUS GANDALIN;13/02/1940;28/07/2026;https://obituario.grupoangelus.com.br/c/109140
CAMILA ANTUNES DE OLIVEIRA;10/05/1957;29/07/2026;https://obituario.grupoangelus.com.br/c/109139
MARIA ELISABETE DE OLIVEIRA;24/05/1962;29/07/2026;https://obituario.grupoangelus.com.br/c/109138
EGON LINDEMANN;10/08/1947;28/07/2026;https://obituario.grupoangelus.com.br/c/109135
GICELMA MARANHO;30/04/1962;28/07/2026;https://obituario.grupoangelus.com.br/c/109128
REGINA DA SILVA RIBEIRO;04/12/1947;28/07/2026;https://obituario.grupoangelus.com.br/c/109127
CLEODATO JAQUES NETO;09/04/1936;28/07/2026;https://obituario.grupoangelus.com.br/c/109123
BENEDITO DA SILVA;30/11/1952;28/07/2026;https://obituario.grupoangelus.com.br/c/109117
ANA LAURA GERMANO DE SOUZA SCHUMACHER;18/02/1994;28/07/2026;https://obituario.grupoangelus.com.br/c/109113
GUILDO DE LIMA HUBER;12/06/1938;28/07/2026;https://obituario.grupoangelus.com.br/c/109112
TATIENNE YUMI KURITA;24/08/1979;28/07/2026;https://obituario.grupoangelus.com.br/c/109110
GENIR PEREIRA BETIM;12/05/1959;28/07/2026;https://obituario.grupoangelus.com.br/c/109107
KAIO ALEXANDRE FELIX DOS SANTOS;27/02/2010;28/07/2026;https://obituario.grupoangelus.com.br/c/109089
JOSE DA SILVA;19/10/1939;28/07/2026;https://obituario.grupoangelus.com.br/c/109080
JEAN LUCA OLIVEIRA DO ROSARIO;06/05/2000;28/07/2026;https://obituario.grupoangelus.com.br/c/109079
CLEMILDA REZENDE VAIS LIMA;31/05/1972;28/07/2026;https://obituario.grupoangelus.com.br/c/109077
MARCIO BAIRROS RODRIGUES;25/03/1979;28/07/2026;https://obituario.grupoangelus.com.br/c/109075
Helena Fátima dos Anjos Vilas Boas;10/11/1956;28/07/2026;https://obituario.grupoangelus.com.br/c/109071
NIRTON ANTONIO DORNELES;05/10/1933;28/07/2026;https://obituario.grupoangelus.com.br/c/109064
VALTER JOSE SOARES;12/11/1942;28/07/2026;https://obituario.grupoangelus.com.br/c/109061
SALVADOR ABRAO GONCALVES;04/01/1941;28/07/2026;https://obituario.grupoangelus.com.br/c/109058
LUCIANO FURTADO;25/05/1973;28/07/2026;https://obituario.grupoangelus.com.br/c/109051
LUCIANO TEIXEIRA MOREIRA;01/09/1967;28/07/2026;https://obituario.grupoangelus.com.br/c/109050
LUIZ FERNANDO SCARPIN;01/06/1947;27/07/2026;https://obituario.grupoangelus.com.br/c/109047
MAFALDA GALERIANI MUNHOZ;13/05/1938;28/07/2026;https://obituario.grupoangelus.com.br/c/109037
JUREMA THEREZINHA DILLEMBURG RIGHI;02/04/1930;28/07/2026;https://obituario.grupoangelus.com.br/c/109035
OSVALDO GONCALVES DOS SANTOS;23/09/1965;28/07/2026;https://obituario.grupoangelus.com.br/c/109031
MARIA LUCIA ZANONI;23/05/1958;28/07/2026;https://obituario.grupoangelus.com.br/c/109029
MARCIA ROMERO NUNES;04/08/1964;28/07/2026;https://obituario.grupoangelus.com.br/c/109027
CERIA CIATI CANONIO;09/03/1933;28/07/2026;https://obituario.grupoangelus.com.br/c/109026
ALEXANDRE DE CARLOS CARRARO;02/07/1975;28/07/2026;https://obituario.grupoangelus.com.br/c/109017
AURY RIBAS SANTOS;03/07/1942;27/07/2026;https://obituario.grupoangelus.com.br/c/109011
MARCOS ANTONIO DE BRIDA;26/10/1971;27/07/2026;https://obituario.grupoangelus.com.br/c/109010
FERNANDO BERTACCO;14/10/1950;28/07/2026;https://obituario.grupoangelus.com.br/c/108978
CLOVIS RODRIGUES DA COSTA;18/07/1939;27/07/2026;https://obituario.grupoangelus.com.br/c/108977
ANTONINHA LOPES DA CONCEIÇÃO;13/06/1942;27/07/2026;https://obituario.grupoangelus.com.br/c/108975
TANIA SANTOS BARBOSA;23/12/1953;27/07/2026;https://obituario.grupoangelus.com.br/c/108963
ELZA DOMINGUES CALEGARO;10/09/1927;27/07/2026;https://obituario.grupoangelus.com.br/c/108962
ANITA LUZIA DE SOUZA NASCIMENTO;17/08/1932;27/07/2026;https://obituario.grupoangelus.com.br/c/108961
PAULO ROBERTO LIMA DA ROSA;01/05/1951;27/07/2026;https://obituario.grupoangelus.com.br/c/108958
MITSUKA TOYOHARA;15/06/1947;27/07/2026;https://obituario.grupoangelus.com.br/c/108954
JOSE CARLOS BRITO LUCAS;30/05/1934;27/07/2026;https://obituario.grupoangelus.com.br/c/108951
ORLANDO DE SOUZA;07/03/1965;27/07/2026;https://obituario.grupoangelus.com.br/c/108936
SEBASTIAO DOMINGUES DA SILVA;06/02/1958;27/07/2026;https://obituario.grupoangelus.com.br/c/108931
LUCIA COELHO DA SILVA;15/08/1984;27/07/2026;https://obituario.grupoangelus.com.br/c/108930
CELSON ANTONIO PILOTTO;03/12/1957;27/07/2026;https://obituario.grupoangelus.com.br/c/108929
JOSE LAURINDO BARROS;24/10/1958;27/07/2026;https://obituario.grupoangelus.com.br/c/108927
MARIA JOSÉ LAUREANO BITENCOURT;25/05/1953;27/07/2026;https://obituario.grupoangelus.com.br/c/108922
ARIOVALDO RAMOS;16/03/1944;27/07/2026;https://obituario.grupoangelus.com.br/c/108907
AMILSON FELINTO PEREIRA;25/01/1949;27/07/2026;https://obituario.grupoangelus.com.br/c/108902
MARIA STEFANI MEDEIROS;29/09/1937;27/07/2026;https://obituario.grupoangelus.com.br/c/108899
JULIO CESAR FARIA FERREIRA;20/10/1985;25/07/2026;https://obituario.grupoangelus.com.br/c/108896
ELIZABETE TEIXEIRA DE BARROS WADA;23/08/1957;27/07/2026;https://obituario.grupoangelus.com.br/c/108895
IVONE LAYDNER AZEVEDO;21/09/1935;27/07/2026;https://obituario.grupoangelus.com.br/c/108892
MARIA MARQUES NOGUEIRA;08/08/1954;27/07/2026;https://obituario.grupoangelus.com.br/c/108889
LUIZ RENATO CARVALHO MONTEIRO;17/10/1954;27/07/2026;https://obituario.grupoangelus.com.br/c/108888
NILDA CHULA DOS SANTOS;05/09/1936;27/07/2026;https://obituario.grupoangelus.com.br/c/108887
NILSON JOSE RIBEIRO;23/12/1969;27/07/2026;https://obituario.grupoangelus.com.br/c/108886
CLAUDIO LEMOS DA CAMINO;30/05/1949;26/07/2026;https://obituario.grupoangelus.com.br/c/108859
GABRIEL DE OLIVEIRA MUNIZ DE MELO;20/07/2006;27/07/2026;https://obituario.grupoangelus.com.br/c/108857
JOSÉ FERNANDO CARLOMAGNO CARCHEDI;29/08/1971;27/07/2026;https://obituario.grupoangelus.com.br/c/108849
CIRIA MARIA DA SILVA;11/03/1931;27/07/2026;https://obituario.grupoangelus.com.br/c/108846
LIUZA ODETE LEANDRO;22/02/1956;27/07/2026;https://obituario.grupoangelus.com.br/c/108845
ISAU DA SILVA MOTA;13/06/1944;27/07/2026;https://obituario.grupoangelus.com.br/c/108823
IVANILDE DE LIMA ZANETONI;02/10/1977;27/07/2026;https://obituario.grupoangelus.com.br/c/108821
CLAUDIO CESAR DA SILVA BRAGA;10/09/1955;26/07/2026;https://obituario.grupoangelus.com.br/c/108820
JEANE EURICA FUJITA;14/07/1972;26/07/2026;https://obituario.grupoangelus.com.br/c/108817
JURELY PORTANOVA PINHEIRO;14/06/1936;26/07/2026;https://obituario.grupoangelus.com.br/c/108814
CARLINDA SILVA DA CUNHA;21/01/1943;26/07/2026;https://obituario.grupoangelus.com.br/c/108811
YOHANNI TERRA VARELA;13/05/1998;26/07/2026;https://obituario.grupoangelus.com.br/c/108806
ROMILDO DE OLIVEIRA;01/05/1969;26/07/2026;https://obituario.grupoangelus.com.br/c/108805
MARIA ISABEL MARTINS RODRIGUES;03/04/1943;26/07/2026;https://obituario.grupoangelus.com.br/c/108800
LUIZ CARLOS DEL PINO;30/03/1948;26/07/2026;https://obituario.grupoangelus.com.br/c/108795
NUBIA CARLA MILTZAREK;16/06/1961;26/07/2026;https://obituario.grupoangelus.com.br/c/108794
MARIA EZILDA DOS SANTOS;21/08/1963;26/07/2026;https://obituario.grupoangelus.com.br/c/108786
ZELIA QUADROS LUCERO;29/01/1936;26/07/2026;https://obituario.grupoangelus.com.br/c/108785
ERMELINDA ROSA MAGALHAES DO NASCIMENTO;11/04/1942;26/07/2026;https://obituario.grupoangelus.com.br/c/108780
DIRCE DO LAGO SANTIAGO;30/05/1936;26/07/2026;https://obituario.grupoangelus.com.br/c/108777
ELOIDES DE SOUZA BARBOSA;24/05/1950;26/07/2026;https://obituario.grupoangelus.com.br/c/108773
DIRCE ANTUNES GALAN;06/10/1950;26/07/2026;https://obituario.grupoangelus.com.br/c/108769
ANASTACIA MARIA KUNZLER SCHUBERT;12/01/1947;26/07/2026;https://obituario.grupoangelus.com.br/c/108765
ALCIDIO JORGE TAVARES;23/06/1929;26/07/2026;https://obituario.grupoangelus.com.br/c/108760
LUCILIA AMÉLIA SAMPAIO;30/10/1925;26/07/2026;https://obituario.grupoangelus.com.br/c/108757
MARIETA ALVES PEQUENO;18/04/1939;26/07/2026;https://obituario.grupoangelus.com.br/c/108753
VANTUIL GUTERRES;18/10/1945;26/07/2026;https://obituario.grupoangelus.com.br/c/108752
ELISEU FABRICIO;14/06/1941;26/07/2026;https://obituario.grupoangelus.com.br/c/108751
MARIA FERREIRA MONTEIRO;05/12/1932;26/07/2026;https://obituario.grupoangelus.com.br/c/108745
NELSON GAVIÃO DA FONSECA;21/08/1964;26/07/2026;https://obituario.grupoangelus.com.br/c/108741
LAUDELINA CARDOSO DE SIQUEIRA;11/03/1942;26/07/2026;https://obituario.grupoangelus.com.br/c/108740
ROSALINO GIROTTO;20/03/1958;26/07/2026;https://obituario.grupoangelus.com.br/c/108739
MARISA TEREZINHA DA SILVA MACHADO;12/08/1942;26/07/2026;https://obituario.grupoangelus.com.br/c/108738
ALAIDES ROCHA GELIO;03/02/1939;26/07/2026;https://obituario.grupoangelus.com.br/c/108737
MARLENE THEREZINHA DA ROCHA;01/07/1938;26/07/2026;https://obituario.grupoangelus.com.br/c/108731
PASCHOAL CASTANHA NETO;29/01/1951;26/07/2026;https://obituario.grupoangelus.com.br/c/108729
MARIA YONEKO KANESHIRO;04/08/1934;26/07/2026;https://obituario.grupoangelus.com.br/c/108728
DANILO DE OLIVERIA ALVES;08/12/2006;26/07/2026;https://obituario.grupoangelus.com.br/c/108724
MARIA GUIOMAR DE ASSIS;05/10/1922;26/07/2026;https://obituario.grupoangelus.com.br/c/108720
MARIA AUGUSTA DE GOUVEIA FRIEDRICHSEN;27/10/1942;25/07/2026;https://obituario.grupoangelus.com.br/c/108707
VALTER DA SILVA GROSSINI;17/03/1934;26/07/2026;https://obituario.grupoangelus.com.br/c/108700
REGIS SILVEIRA PESSOA DA SILVA;11/03/1963;26/07/2026;https://obituario.grupoangelus.com.br/c/108697
NEUZA APARECIDA MAZERO ALVES;19/07/1956;26/07/2026;https://obituario.grupoangelus.com.br/c/108688
TEREZINHA TAVARES DE SOUZA;09/03/1942;26/07/2026;https://obituario.grupoangelus.com.br/c/108683
GLORIA ELEODORO MENEZES;20/07/1962;25/07/2026;https://obituario.grupoangelus.com.br/c/108678
ZAQUEU CANDIDO DE OLIVEIRA;01/08/1958;26/07/2026;https://obituario.grupoangelus.com.br/c/108671
ANTONIO PEREIRA DOS SANTOS;25/10/1927;26/07/2026;https://obituario.grupoangelus.com.br/c/108669
LAURA NUNES DA SILVA;16/05/1930;26/07/2026;https://obituario.grupoangelus.com.br/c/108662
GLORIA ELEODORO MENEZES;20/07/1962;25/07/2026;https://obituario.grupoangelus.com.br/c/108661
GLORIA ELEODORO MENEZES;20/07/1962;25/07/2026;https://obituario.grupoangelus.com.br/c/108659
NANCI MATOS;05/07/1940;25/07/2026;https://obituario.grupoangelus.com.br/c/108653
PAULO FERNANDO DE OLIVEIRA FREITAS;25/02/1949;25/07/2026;https://obituario.grupoangelus.com.br/c/108642
ANNA MARIA DE CARVALHO ROGERIO RE;12/08/1933;25/07/2026;https://obituario.grupoangelus.com.br/c/108639
LUIZ MACEIS;10/10/1936;25/07/2026;https://obituario.grupoangelus.com.br/c/108635
MARIA ANERES AQUINO;04/10/1934;25/07/2026;https://obituario.grupoangelus.com.br/c/108634
ANNA MARIA DE CARVALHO ROGERIO RE;12/08/1933;25/07/2026;https://obituario.grupoangelus.com.br/c/108625
ROBERTO GOMES DO ALTO;28/06/1950;25/07/2026;https://obituario.grupoangelus.com.br/c/108618
ROSA CARMEN AGLIARDI;23/11/1939;25/07/2026;https://obituario.grupoangelus.com.br/c/108617
ONIRA BERNARDES DE ANDRADE;10/12/1949;25/07/2026;https://obituario.grupoangelus.com.br/c/108615
GENIVAL RAIMUNDO DA SILVA;24/06/1949;25/07/2026;https://obituario.grupoangelus.com.br/c/108614
LORACI DE AZEVEDO GONÇALVES;19/12/1947;25/07/2026;https://obituario.grupoangelus.com.br/c/108605
JOÃO CARLOS JUAN SANTOS;12/10/1993;25/07/2026;https://obituario.grupoangelus.com.br/c/108597
FUCUE CURANISHI;20/08/1945;25/07/2026;https://obituario.grupoangelus.com.br/c/108596
NEIDE DOS REIS CAMPOS;28/12/1952;25/07/2026;https://obituario.grupoangelus.com.br/c/108591
ADRIANO DE MARIA ROCHA;02/07/1966;25/07/2026;https://obituario.grupoangelus.com.br/c/108590
ELVIRA CANDIDO PEREIRA;23/10/1939;25/07/2026;https://obituario.grupoangelus.com.br/c/108577
MARIA DE LOURDES DA SILVA;13/10/1953;25/07/2026;https://obituario.grupoangelus.com.br/c/108572
ANNE MARI SCHWARZ;31/08/1939;25/07/2026;https://obituario.grupoangelus.com.br/c/108571
MARCOS ROGERIO DE OLIVEIRA;20/08/1981;24/07/2026;https://obituario.grupoangelus.com.br/c/108569
CLEOMAR TERESINHA DO ROSÁRIO;03/10/1959;25/07/2026;https://obituario.grupoangelus.com.br/c/108567
ANTONIO PEREIRA DO NASCIMENTO;02/08/1955;25/07/2026;https://obituario.grupoangelus.com.br/c/108564
BENEDITO GALDINO DE OLIVEIRA;13/05/1937;25/07/2026;https://obituario.grupoangelus.com.br/c/108558
MARIA ABRAO SASSINE;04/10/1936;25/07/2026;https://obituario.grupoangelus.com.br/c/108556
ENEDINA MARQUES MACHADO;21/03/1947;24/07/2026;https://obituario.grupoangelus.com.br/c/108551
NATALINA BEVILAQUA CUBATELI;06/05/1943;25/07/2026;https://obituario.grupoangelus.com.br/c/108546
CICERO GONCALVES DA SILVA;25/09/1962;25/07/2026;https://obituario.grupoangelus.com.br/c/108535
AUGUSTO MICHALSKI CORDEIRO FILHO;28/10/1988;25/07/2026;https://obituario.grupoangelus.com.br/c/108529
ANTONIO FAUSTO LEAO;31/10/1940;25/07/2026;https://obituario.grupoangelus.com.br/c/108526
MARIA APARECIDA BELINI;30/04/1951;25/07/2026;https://obituario.grupoangelus.com.br/c/108525
EVA MONTEIRO BARBIANI;02/11/1939;24/07/2026;https://obituario.grupoangelus.com.br/c/108513
CLARICE GONCALVES;20/03/1960;24/07/2026;https://obituario.grupoangelus.com.br/c/108499
MATHEUS GABRIEL VICENTINI FAVARO;25/05/2007;24/07/2026;https://obituario.grupoangelus.com.br/c/108495
HERMES JUNG MADUELL;05/09/1957;24/07/2026;https://obituario.grupoangelus.com.br/c/108482
PEDRO ARMANDO BEHN BERNARDES;19/07/1956;24/07/2026;https://obituario.grupoangelus.com.br/c/108475
FLAVIA DE PAULA FERREIRA CRUZ;14/02/1987;23/07/2026;https://obituario.grupoangelus.com.br/c/108468
JOSE VAGNER SALVIANO;05/06/1976;24/07/2026;https://obituario.grupoangelus.com.br/c/108454
GEREMIAS OVIDIO DE MELLO;03/06/1958;24/07/2026;https://obituario.grupoangelus.com.br/c/108452
TEREZINHA CARDOSO DE BRITO;04/01/1958;24/07/2026;https://obituario.grupoangelus.com.br/c/108450
ALEX DE SOUSA KERSTING;13/02/1975;24/07/2026;https://obituario.grupoangelus.com.br/c/108441
FRANCISCO BIANCHESSI FILHO;23/01/1946;24/07/2026;https://obituario.grupoangelus.com.br/c/108422
MARILUZA SILVA DA SILVA;21/05/1962;24/07/2026;https://obituario.grupoangelus.com.br/c/108413
VALDINEI PEREIRA DA CRUZ;14/11/1989;23/07/2026;https://obituario.grupoangelus.com.br/c/108411
ANTHONY RAVI DA CONCEIÇÃO DE ANDRADE;27/03/2026;24/07/2026;https://obituario.grupoangelus.com.br/c/108402
ELVIS CESAR DA SILVA;09/05/1988;23/07/2026;https://obituario.grupoangelus.com.br/c/108401
ADIR RAIMUNDO DE ALENCAR;02/10/1938;24/07/2026;https://obituario.grupoangelus.com.br/c/108389
NEIDE LOPES DE FREITAS;11/05/1958;23/02/2006;https://obituario.grupoangelus.com.br/c/108382
IEDA ROSA MAROCCO DUARTE;08/05/1930;24/07/2026;https://obituario.grupoangelus.com.br/c/108369
CAROLA BRUNHILDE STRAETZ;25/08/1938;24/07/2026;https://obituario.grupoangelus.com.br/c/108364
ERCILIO DA SILVA;08/05/1953;24/07/2026;https://obituario.grupoangelus.com.br/c/108362
teste da silva;08/05/1953;24/07/2026;https://obituario.grupoangelus.com.br/c/108355
LUZIA TEAGO DOS SANTOS;17/06/1947;23/07/2026;https://obituario.grupoangelus.com.br/c/108349
VANDIRA JUDITE DE FRANCA;29/08/1941;23/07/2026;https://obituario.grupoangelus.com.br/c/108348
MARIA THEREZINHA DA SILVA COMELLI;08/04/1934;23/07/2026;https://obituario.grupoangelus.com.br/c/108345
HÉLIO MAURI DA SILVA;02/04/1957;23/07/2026;https://obituario.grupoangelus.com.br/c/108342
APARECIDA DOS SANTOS SOUZA;12/05/1935;23/07/2026;https://obituario.grupoangelus.com.br/c/108339
NEUZA ROSA DA SILVA;19/07/1948;23/07/2026;https://obituario.grupoangelus.com.br/c/108337
JOSE DIAS PEREIRA;02/06/1940;23/07/2026;https://obituario.grupoangelus.com.br/c/108336
